location;new_cases_smoothed;new_deaths_smoothed;reproduction_rate;positive_rate;people_fully_vaccinated;stringency_index
Indonesia;;;;;;5.56
Indonesia;;;;;;5.56
Indonesia;;;;;;5.56
Indonesia;;;;;;5.56
Indonesia;;;;;;5.56
Indonesia;0.0;0.0;;;;5.56
Indonesia;0.0;0.0;;;;5.56
Indonesia;0.0;0.0;;;;5.56
Indonesia;0.0;0.0;;;;5.56
Indonesia;0.0;0.0;;;;5.56
Indonesia;0.0;0.0;;;;5.56
Indonesia;0.0;0.0;;;;5.56
Indonesia;0.0;0.0;;;;5.56
Indonesia;0.0;0.0;;;;5.56
Indonesia;0.0;0.0;;;;5.56
Indonesia;0.0;0.0;;;;8.33
Indonesia;0.0;0.0;;;;8.33
Indonesia;0.0;0.0;;;;8.33
Indonesia;0.0;0.0;;;;8.33
Indonesia;0.0;0.0;;;;8.33
Indonesia;0.0;0.0;;;;8.33
Indonesia;0.0;0.0;;;;8.33
Indonesia;0.0;0.0;;;;8.33
Indonesia;0.0;0.0;;;;8.33
Indonesia;0.0;0.0;;;;8.33
Indonesia;0.0;0.0;;;;8.33
Indonesia;0.0;0.0;;;;13.89
Indonesia;0.0;0.0;;;;13.89
Indonesia;0.0;0.0;;;;13.89
Indonesia;0.0;0.0;;;;13.89
Indonesia;0.0;0.0;;;;13.89
Indonesia;0.0;0.0;;;;23.15
Indonesia;0.0;0.0;;;;23.15
Indonesia;0.0;0.0;;;;28.7
Indonesia;0.0;0.0;;;;28.7
Indonesia;0.0;0.0;;;;28.7
Indonesia;0.0;0.0;;;;28.7
Indonesia;0.0;0.0;;;;28.7
Indonesia;0.0;0.0;;;;28.7
Indonesia;0.0;0.0;;;;28.7
Indonesia;0.0;0.0;;;;28.7
Indonesia;0.0;0.0;;;;28.7
Indonesia;0.0;0.0;;;;28.7
Indonesia;0.0;0.0;;;;28.7
Indonesia;0.0;0.0;;;;28.7
Indonesia;0.0;0.0;;;;28.7
Indonesia;0.0;0.0;;;;28.7
Indonesia;0.0;0.0;;;;28.7
Indonesia;0.0;0.0;;;;28.7
Indonesia;0.0;0.0;;;;28.7
Indonesia;0.0;0.0;;;;28.7
Indonesia;0.0;0.0;;;;28.7
Indonesia;0.0;0.0;;;;28.7
Indonesia;0.0;0.0;;;;28.7
Indonesia;0.0;0.0;;;;28.7
Indonesia;0.0;0.0;;;;28.7
Indonesia;0.0;0.0;;;;28.7
Indonesia;0.0;0.0;;;;28.7
Indonesia;0.0;0.0;;;;28.7
Indonesia;0.286;0.0;;;;28.7
Indonesia;0.857;0.0;;;;37.04
Indonesia;0.857;0.0;;;;37.04
Indonesia;0.857;0.0;;;;37.04
Indonesia;1.143;0.0;;;;37.04
Indonesia;1.143;0.0;;;;37.04
Indonesia;1.429;0.0;;;;37.04
Indonesia;;0.0;;;;37.04
Indonesia;2.429;0.0;;;;37.04
Indonesia;3.571;0.143;;;;37.04
Indonesia;4.571;0.143;;;;37.04
Indonesia;4.857;0.286;;;;37.04
Indonesia;9.286;0.571;;;;37.04
Indonesia;15.857;0.571;;;;40.74
Indonesia;18.286;0.714;2.07;;;45.37
Indonesia;21.857;0.714;2.12;;;42.59
Indonesia;28.571;2.571;2.16;;;42.59
Indonesia;39.286;3.429;2.16;;;45.37
Indonesia;47.286;4.286;2.07;;;45.37
Indonesia;54.429;4.857;2.01;;;45.37
Indonesia;56.714;6.286;1.93;;;45.37
Indonesia;63.571;6.286;1.88;;;48.15
Indonesia;73.429;7.143;1.84;;;48.15
Indonesia;80.429;5.571;1.77;;;48.15
Indonesia;83.429;7.571;1.72;;;48.15
Indonesia;96.714;7.857;1.69;;;48.15
Indonesia;100.714;9.143;1.63;;;48.15
Indonesia;110.143;9.429;1.59;;;50.93
Indonesia;119.286;10.429;1.54;;;50.93
Indonesia;120.286;11.571;1.47;;;50.93
Indonesia;126.714;14.143;1.44;;;50.93
Indonesia;128.143;13.143;1.42;;;50.93
Indonesia;134.286;13.429;1.44;;;50.93
Indonesia;133.857;12.714;1.45;;;50.93
Indonesia;141.143;12.0;1.5;;;50.93
Indonesia;153.857;12.429;1.55;;;50.93
Indonesia;172.857;12.143;1.55;;;60.65
Indonesia;182.714;11.857;1.53;;;60.65
Indonesia;214.714;15.714;1.53;;;60.65
Indonesia;218.0;17.857;1.5;;;71.76
Indonesia;250.0;19.429;1.51;;;71.76
Indonesia;281.143;25.0;1.49;;;71.76
Indonesia;295.143;27.143;1.43;;;71.76
Indonesia;300.143;34.0;1.35;;;71.76
Indonesia;311.429;32.714;1.31;;;71.76
Indonesia;317.571;30.857;1.28;;;71.76
Indonesia;344.429;30.571;1.24;;;71.76
Indonesia;343.714;29.714;1.2;;;71.76
Indonesia;333.429;29.857;1.17;;;71.76
Indonesia;314.714;27.286;1.13;;;71.76
Indonesia;328.0;22.429;1.12;;;71.76
Indonesia;326.0;23.714;1.11;;;71.76
Indonesia;322.714;21.571;1.11;;;71.76
Indonesia;326.857;24.143;1.11;;;80.09
Indonesia;337.0;26.429;1.1;;;80.09
Indonesia;329.571;23.0;1.07;;;80.09
Indonesia;333.714;25.0;1.06;;;80.09
Indonesia;339.429;22.429;1.06;;;80.09
Indonesia;336.143;21.286;1.05;;;80.09
Indonesia;334.714;20.714;1.06;;;80.09
Indonesia;334.286;15.857;1.08;;;80.09
Indonesia;319.429;15.857;1.09;;;80.09
Indonesia;330.0;14.571;1.12;;;74.54
Indonesia;355.857;14.143;1.14;;;74.54
Indonesia;365.714;14.143;1.13;;;74.54
Indonesia;381.0;15.857;1.1;;;74.54
Indonesia;379.714;19.714;1.09;;;74.54
Indonesia;365.857;20.429;1.11;;;74.54
Indonesia;400.286;18.286;1.14;;;74.54
Indonesia;405.714;18.286;1.15;;;74.54
Indonesia;382.571;18.143;1.17;;;74.54
Indonesia;382.571;19.286;1.21;;;74.54
Indonesia;428.571;19.0;1.24;;;74.54
Indonesia;461.429;16.143;1.22;;;74.54
Indonesia;483.429;19.0;1.21;;;74.54
Indonesia;482.857;18.571;1.2;;;74.54
Indonesia;497.429;25.0;1.21;;;74.54
Indonesia;535.0;28.571;1.23;;;74.54
Indonesia;535.286;30.571;1.23;;;74.54
Indonesia;535.857;30.571;1.25;;;71.76
Indonesia;593.714;33.571;1.26;;;71.76
Indonesia;614.286;35.714;1.23;;;71.76
Indonesia;674.286;37.429;1.2;;;71.76
Indonesia;679.571;32.0;1.14;;;71.76
Indonesia;677.143;28.571;1.09;;;71.76
Indonesia;667.0;28.143;1.06;;;71.76
Indonesia;666.0;33.0;1.06;;;71.76
Indonesia;625.143;31.143;1.06;;;71.76
Indonesia;631.429;27.714;1.06;;;71.76
Indonesia;575.429;31.714;1.05;;;71.76
Indonesia;600.286;34.429;1.07;;;71.76
Indonesia;598.571;35.714;1.07;;;71.76
Indonesia;626.286;35.0;1.08;;;71.76
Indonesia;626.0;32.143;1.09;;;71.76
Indonesia;611.429;32.143;1.12;;;71.76
Indonesia;615.0;35.714;1.16;;;71.76
Indonesia;677.286;32.571;1.21;;;71.76
Indonesia;673.286;34.0;1.24;;;71.76
Indonesia;727.571;34.571;1.27;;;68.06
Indonesia;789.571;37.143;1.29;;;68.06
Indonesia;869.0;37.286;1.28;;;68.06
Indonesia;925.286;39.857;1.25;;;68.06
Indonesia;983.571;39.714;1.23;;;68.06
Indonesia;986.571;41.429;1.2;;;68.06
Indonesia;1013.0;40.429;1.19;;;68.06
Indonesia;1.037.286;45.0;1.18;;;68.06
Indonesia;1.046.286;44.0;1.17;;;68.06
Indonesia;1.016.429;45.286;1.15;;;68.06
Indonesia;1.066.714;48.429;1.14;;;68.06
Indonesia;1.056.714;46.429;1.12;;;68.06
Indonesia;1087.0;48.286;1.11;;;68.06
Indonesia;1.087.714;47.286;1.09;;;68.06
Indonesia;1.078.714;43.143;1.09;;;68.06
Indonesia;1.070.857;43.429;1.09;;;68.06
Indonesia;1.082.571;42.429;1.09;;;68.06
Indonesia;1.060.714;40.143;1.1;;;68.06
Indonesia;1.089.143;44.286;1.12;;;68.06
Indonesia;1.111.857;41.571;1.14;;;68.06
Indonesia;1.159.857;41.286;1.14;;;68.06
Indonesia;1.178.143;43.571;1.15;;;68.06
Indonesia;1.212.714;48.714;1.15;;;62.5
Indonesia;1.251.571;51.571;1.15;;;62.5
Indonesia;1.315.286;52.429;1.15;;;62.5
Indonesia;1324.0;50.429;1.15;;;62.5
Indonesia;1.332.857;52.714;1.16;;;62.5
Indonesia;1.391.286;59.571;1.17;;;62.5
Indonesia;1.409.429;62.286;1.17;;;62.5
Indonesia;1.405.857;61.857;1.18;;;62.5
Indonesia;1.472.714;60.714;1.2;;;62.5
Indonesia;1.620.286;61.429;1.2;;;62.5
Indonesia;1.664.571;61.857;1.16;;;62.5
Indonesia;1.696.571;63.714;1.12;;;62.5
Indonesia;1.707.143;62.143;1.1;;;62.5
Indonesia;1.717.571;59.286;1.07;;;62.5
Indonesia;1.763.714;57.286;1.05;;;62.5
Indonesia;1.716.429;62.571;1.03;;;62.5
Indonesia;1.561.714;65.143;1.02;;;62.5
Indonesia;1.540.429;69.714;1.03;;;62.5
Indonesia;1552.0;68.714;1.05;;;62.5
Indonesia;1546.0;76.714;1.07;;;62.5
Indonesia;1.604.714;83.286;1.08;;;62.5
Indonesia;1.613.857;87.143;1.07;;;62.5
Indonesia;1.665.286;94.571;1.07;;;62.5
Indonesia;1.712.714;100.429;1.06;;;62.5
Indonesia;1.755.429;101.143;1.05;;;62.5
Indonesia;1772.0;99.714;1.05;;;62.5
Indonesia;1751.0;91.143;1.05;;;62.5
Indonesia;1727.0;85.571;1.06;;;62.5
Indonesia;1.740.286;83.0;1.07;;;62.5
Indonesia;1.811.571;73.714;1.07;;;62.5
Indonesia;1.811.286;68.857;1.05;;;62.5
Indonesia;1.851.143;66.571;1.04;;;62.5
Indonesia;1.807.143;68.429;1.02;;;62.5
Indonesia;1811.0;65.0;1.03;;;62.5
Indonesia;1833.0;66.286;1.04;;;62.5
Indonesia;1.857.857;69.571;1.05;;;62.5
Indonesia;1777.0;68.143;1.05;;;62.5
Indonesia;1.773.857;66.143;1.06;;;62.5
Indonesia;1.835.714;66.0;1.08;;;62.5
Indonesia;1.938.143;66.429;1.07;;;62.5
Indonesia;1.991.571;69.571;1.06;;;62.5
Indonesia;1.992.714;66.143;1.05;;;62.5
Indonesia;1960.0;62.286;1.04;;;59.72
Indonesia;1.978.143;64.429;1.04;;;59.72
Indonesia;2009.0;63.857;1.05;;;59.72
Indonesia;1.985.286;61.143;1.05;;;59.72
Indonesia;1995.0;59.0;1.06;;;59.72
Indonesia;2.021.857;61.0;1.05;;;59.72
Indonesia;2041.0;63.143;1.04;;;59.72
Indonesia;2.038.143;64.714;1.03;;;59.72
Indonesia;2.032.429;63.286;1.03;;;59.72
Indonesia;2.056.429;64.286;1.04;;;59.72
Indonesia;2.040.714;68.429;1.05;;;59.72
Indonesia;2.004.286;74.714;1.07;;;59.72
Indonesia;1998.0;75.714;1.09;;;59.72
Indonesia;2006.0;78.857;1.11;;;59.72
Indonesia;2.116.571;83.0;1.14;;;59.72
Indonesia;2.174.286;85.429;1.16;;;59.72
Indonesia;2239.0;92.286;1.18;;;59.72
Indonesia;2.354.143;95.571;1.2;;;59.72
Indonesia;2.528.143;95.286;1.21;;;59.72
Indonesia;2.645.429;94.714;1.21;;;59.72
Indonesia;2.769.143;94.0;1.2;;;59.72
Indonesia;2816.0;92.429;1.19;;;59.72
Indonesia;2.925.857;96.0;1.18;;;59.72
Indonesia;3.054.857;98.0;1.17;;;59.72
Indonesia;3.092.857;94.714;1.16;;;59.72
Indonesia;3.067.143;97.0;1.15;;;59.72
Indonesia;3.150.857;97.429;1.14;;;59.72
Indonesia;3.170.429;101.857;1.14;;;59.72
Indonesia;3.209.143;103.571;1.13;;;59.72
Indonesia;3.242.286;102.857;1.13;;;59.72
Indonesia;3.276.429;100.857;1.13;;;59.72
Indonesia;3.343.286;101.714;1.13;;;59.72
Indonesia;3.440.143;101.429;1.12;;;59.72
Indonesia;3.467.571;99.714;1.12;;;59.72
Indonesia;3.504.857;101.571;1.11;;;68.98
Indonesia;3.570.714;105.0;1.11;;;68.98
Indonesia;3.664.429;109.143;1.11;;;68.98
Indonesia;3.632.143;109.429;1.1;;;68.98
Indonesia;3.654.143;113.143;1.11;;;68.98
Indonesia;3.705.857;114.0;1.12;;;68.98
Indonesia;3.756.286;118.571;1.12;;;68.98
Indonesia;3.904.143;119.429;1.13;;;68.98
Indonesia;3.984.714;124.571;1.12;;;68.98
Indonesia;4.056.429;125.286;1.11;;;72.69
Indonesia;4.199.143;126.143;1.1;;;72.69
Indonesia;4.332.286;126.0;1.08;;;72.69
Indonesia;4.378.857;122.857;1.06;;;72.69
Indonesia;4.362.429;119.0;1.05;;;72.69
Indonesia;4.267.143;113.714;1.03;;;72.69
Indonesia;4.257.286;109.143;1.03;;;72.69
Indonesia;4.231.429;109.0;1.02;;;72.69
Indonesia;4.165.714;107.286;1.01;;;72.69
Indonesia;4.093.429;107.714;1.01;;;72.69
Indonesia;4.023.857;106.714;1.01;;;72.69
Indonesia;4.040.714;109.286;1.01;;;72.69
Indonesia;4.056.857;111.429;1.02;;;72.69
Indonesia;4.064.571;110.429;1.02;;;72.69
Indonesia;4.100.857;104.571;1.02;;;72.69
Indonesia;4.197.429;103.429;1.02;;;72.69
Indonesia;4.165.571;99.286;1.01;;;72.69
Indonesia;4.206.571;101.429;1.01;;;72.69
Indonesia;4.278.714;99.0;1.01;;;72.69
Indonesia;4228.0;97.429;1.0;;;50.46
Indonesia;4.206.571;93.286;0.99;;;50.46
Indonesia;4.147.857;97.714;0.99;;;50.46
Indonesia;4.085.143;98.286;0.99;;;50.46
Indonesia;4.114.714;97.143;0.99;;;50.46
Indonesia;4.115.714;95.143;0.99;;;50.46
Indonesia;4.059.714;95.286;0.98;;;50.46
Indonesia;4.074.857;97.429;0.98;;;50.46
Indonesia;4.031.429;101.0;0.98;;;50.46
Indonesia;4.051.429;100.143;0.98;;;50.46
Indonesia;4.054.429;98.714;0.97;;;50.46
Indonesia;4.064.143;104.286;0.97;;;50.46
Indonesia;4.031.143;110.571;0.96;;;50.46
Indonesia;3.977.857;112.571;0.95;;;50.46
Indonesia;3.956.286;113.429;0.94;;;50.46
Indonesia;3.944.571;111.143;0.93;;;54.17
Indonesia;3.910.571;107.857;0.91;;;54.17
Indonesia;3.786.714;106.0;0.89;;;54.17
Indonesia;3.576.429;100.714;0.88;;;54.17
Indonesia;3444.0;94.857;0.88;;;54.17
Indonesia;3296.0;92.0;0.9;;;54.17
Indonesia;3.209.714;90.429;0.93;;;54.17
Indonesia;3.131.571;90.571;0.95;;;54.17
Indonesia;3.035.429;92.429;0.98;;;54.17
Indonesia;3.106.857;92.429;1.01;;;54.17
Indonesia;3.232.714;94.286;1.03;;;54.17
Indonesia;3.392.571;95.857;1.06;;;54.17
Indonesia;3.561.714;95.857;1.07;;;54.17
Indonesia;3.595.286;92.143;1.07;;;54.17
Indonesia;3.710.429;87.857;1.08;;;54.17
Indonesia;3.769.571;82.429;1.1;;;54.17
Indonesia;3785.0;83.571;1.11;;;54.17
Indonesia;4023.0;85.0;1.13;;;54.17
Indonesia;4.167.286;86.857;1.13;;;54.17
Indonesia;4.199.571;85.286;1.11;;;54.17
Indonesia;4297.0;86.714;1.09;;;54.17
Indonesia;4301.0;90.286;1.08;;;54.17
Indonesia;4.371.714;95.286;1.08;;;54.17
Indonesia;4461.0;95.286;1.09;;;68.06
Indonesia;4.367.857;91.571;1.09;;;68.06
Indonesia;4.328.714;89.429;1.1;;;68.06
Indonesia;4365.0;96.143;1.1;;;68.06
Indonesia;4.494.571;100.857;1.11;;;68.06
Indonesia;4.549.571;102.571;1.11;;;68.06
Indonesia;4.730.857;103.143;1.12;;;68.06
Indonesia;4.747.857;107.429;1.12;;;68.06
Indonesia;4.895.857;120.429;1.13;;;68.06
Indonesia;4.955.857;124.571;1.14;;;68.06
Indonesia;5.228.286;133.0;1.15;;;68.06
Indonesia;5.253.286;134.714;1.14;;;68.06
Indonesia;5.381.857;138.571;1.14;;;68.06
Indonesia;5.381.714;139.143;1.14;;;68.06
Indonesia;5.874.857;143.286;1.15;;;68.06
Indonesia;5.871.286;136.857;1.12;;;68.06
Indonesia;5.958.286;134.714;1.1;;;68.06
Indonesia;5.932.857;132.143;1.09;;;68.06
Indonesia;6.095.286;131.714;1.09;;;62.5
Indonesia;6.123.857;131.286;1.07;;;62.5
Indonesia;6.198.857;138.857;1.06;;;62.5
Indonesia;5.865.143;140.143;1.05;;;62.5
Indonesia;5.937.571;147.429;1.06;;;62.5
Indonesia;5.989.143;152.0;1.06;;;62.5
Indonesia;6.003.429;154.143;1.07;;;62.5
Indonesia;5.965.571;155.571;1.08;;;62.5
Indonesia;6.083.857;158.714;1.08;;;62.5
Indonesia;6.179.143;153.857;1.09;;;62.5
Indonesia;6.367.857;150.571;1.09;;;62.5
Indonesia;6422.0;143.286;1.09;;;62.5
Indonesia;6.616.714;143.714;1.1;;;62.5
Indonesia;6730.0;151.571;1.09;;;62.5
Indonesia;6.924.143;161.286;1.09;;;68.06
Indonesia;6.956.571;163.714;1.07;;;68.06
Indonesia;7.069.286;165.714;1.06;;;68.06
Indonesia;7.047.143;171.286;1.05;;;68.06
Indonesia;7.128.571;190.429;1.04;;;68.06
Indonesia;6.984.143;190.714;1.04;;;68.06
Indonesia;6.919.286;193.857;1.05;;;68.06
Indonesia;6.777.286;195.286;1.06;;;68.06
Indonesia;6.999.571;206.571;1.08;;;68.06
Indonesia;7.069.286;219.429;1.08;;;68.06
Indonesia;7.194.286;221.286;1.07;;;68.06
Indonesia;7.310.429;211.714;1.07;;;68.06
Indonesia;7.376.571;223.0;1.07;;;68.06
Indonesia;7.426.429;213.857;1.08;;;68.06
Indonesia;7.554.857;208.429;1.1;;;68.06
Indonesia;7.489.429;200.857;1.12;;;68.06
Indonesia;7.611.143;193.143;1.14;;;68.06
Indonesia;7.789.286;197.429;1.16;;;68.06
Indonesia;8.152.857;203.429;1.18;;;68.06
Indonesia;8559.0;198.857;1.18;;;68.06
Indonesia;8.953.714;199.286;1.19;;;68.06
Indonesia;9.230.714;204.571;1.19;;;68.06
Indonesia;9.602.429;219.429;1.19;;;68.06
Indonesia;9.948.714;236.429;1.19;;;68.06
Indonesia;10.268.143;246.571;1.19;;;68.06
Indonesia;10.582.571;247.286;1.19;;;68.06
Indonesia;11.179.429;260.0;1.18;;;68.06
Indonesia;11.414.714;265.429;1.15;;;68.06
Indonesia;11471.0;277.0;1.13;;;68.06
Indonesia;11.516.429;277.857;1.11;;;68.06
Indonesia;11.700.714;272.286;1.11;;;68.06
Indonesia;11.721.571;279.571;1.1;;;68.06
Indonesia;11.837.857;281.286;1.09;;;68.06
Indonesia;11.547.429;271.0;1.09;;;68.06
Indonesia;11619.0;264.0;1.08;;;68.06
Indonesia;11.748.714;264.286;1.08;;;68.06
Indonesia;12.138.571;268.286;1.08;;;68.06
Indonesia;12050.0;285.429;1.07;;;68.06
Indonesia;12.334.571;304.0;1.06;;5468.0;68.06
Indonesia;12.358.857;295.0;1.05;;11287.0;68.06
Indonesia;12.691.286;294.857;1.04;;20810.0;68.06
Indonesia;12.721.714;309.0;1.02;;22548.0;68.06
Indonesia;12.864.571;306.429;1.0;;35406.0;68.06
Indonesia;12.476.714;301.857;0.97;;51999.0;68.06
Indonesia;12.481.857;273.571;0.96;;71621.0;68.06
Indonesia;12.158.857;238.571;0.94;;96553.0;68.06
Indonesia;11.865.571;240.571;0.93;;120725.0;68.06
Indonesia;11.528.143;237.857;0.92;;137207.0;68.06
Indonesia;11.360.429;222.571;0.9;;139131.0;68.06
Indonesia;10.967.286;212.286;0.88;;171270.0;68.06
Indonesia;10.727.429;199.286;0.86;;221453.0;68.06
Indonesia;10.269.143;199.571;0.85;;279251.0;68.06
Indonesia;9.840.714;197.143;0.85;;345605.0;68.06
Indonesia;9.572.143;207.714;0.85;;;68.06
Indonesia;9099.0;220.429;0.86;;415486.0;68.06
Indonesia;8.518.714;232.429;0.87;;425578.0;68.06
Indonesia;8.264.429;229.143;0.89;;482625.0;68.06
Indonesia;8.454.286;231.429;0.92;;537147.0;68.06
Indonesia;8.584.429;231.571;0.93;;597328.0;68.06
Indonesia;8.670.714;226.857;0.94;;623832.0;68.06
Indonesia;8.777.143;213.714;0.94;;;68.06
Indonesia;8.664.286;197.143;0.94;;732634.0;68.06
Indonesia;8.740.714;186.571;0.94;;;68.06
Indonesia;9.271.857;189.143;0.95;;;68.06
Indonesia;9.235.571;202.571;0.93;;789966.0;68.06
Indonesia;8.927.857;209.429;0.9;;825650.0;68.06
Indonesia;8.849.857;221.286;0.88;;853745.0;68.06
Indonesia;8.509.571;233.429;0.86;;865870.0;68.06
Indonesia;8.245.857;237.857;0.85;;982370.0;68.06
Indonesia;7.997.286;239.571;0.84;;998439.0;68.06
Indonesia;7.497.286;233.429;0.84;;;71.76
Indonesia;6.916.857;214.857;0.84;;1055291.0;71.76
Indonesia;6.813.286;209.571;0.85;;1100228.0;71.76
Indonesia;6.637.714;197.0;0.86;;;71.76
Indonesia;6.457.571;177.143;0.87;;1114537.0;71.76
Indonesia;6.394.571;167.571;0.87;;;71.76
Indonesia;6.432.571;157.143;0.88;;1133787.0;71.76
Indonesia;6.463.143;174.571;0.88;;;71.76
Indonesia;6.559.857;177.0;0.88;;;71.76
Indonesia;6392.0;173.0;0.86;;1262878.0;71.76
Indonesia;6.089.143;164.571;0.86;;1295615.0;71.76
Indonesia;6.009.286;171.857;0.87;;1339362.0;71.76
Indonesia;5.843.571;167.857;0.88;;1454836.0;71.76
Indonesia;5.684.714;165.714;0.9;;1460222.0;71.76
Indonesia;5.498.286;146.571;0.92;;1572786.0;71.76
Indonesia;5359.0;142.286;0.94;;1716749.0;71.76
Indonesia;5.529.286;140.429;0.95;;1876140.0;71.76
Indonesia;5733.0;156.143;0.96;;1948531.0;71.76
Indonesia;5714.0;158.571;0.95;;2068400.0;71.76
Indonesia;5.863.857;159.714;0.95;;2221200.0;71.76
Indonesia;5.818.429;160.571;0.94;;2301978.0;71.76
Indonesia;5.840.571;162.571;0.94;0.1384;2312601.0;71.76
Indonesia;5.823.857;158.857;0.93;0.1366;2494422.0;71.76
Indonesia;5.595.571;152.571;0.92;0.1353;2709545.0;71.76
Indonesia;5.529.429;134.143;0.92;0.1262;2941016.0;71.76
Indonesia;5.344.143;118.143;0.92;0.1198;3148611.0;71.76
Indonesia;5.173.429;131.0;0.92;0.1152;3233810.0;71.76
Indonesia;5.128.714;128.429;0.93;0.1126;3246455.0;71.76
Indonesia;5.023.571;124.286;0.94;0.1098;3313494.0;71.76
Indonesia;4.935.714;127.0;0.96;0.1085;3500264.0;71.76
Indonesia;5.037.143;125.0;0.97;0.1122;3709597.0;71.76
Indonesia;5.042.143;139.0;0.98;0.1117;3850791.0;71.76
Indonesia;5.091.143;140.714;0.98;0.1166;3867566.0;71.76
Indonesia;5.074.571;125.429;0.98;0.12;3951869.0;71.76
Indonesia;5.452.857;174.286;0.99;0.1276;4014401.0;71.76
Indonesia;5.267.714;176.286;0.96;0.1236;4208326.0;71.76
Indonesia;5.248.714;174.714;0.96;0.1225;4378351.0;71.76
Indonesia;5.094.857;172.286;0.96;0.1159;4547580.0;71.76
Indonesia;5.003.714;167.571;0.97;0.114;4665191.0;71.76
Indonesia;4.995.143;171.0;0.98;0.1114;4943231.0;71.76
Indonesia;5.049.143;171.571;0.99;0.1099;5050524.0;71.76
Indonesia;4.677.143;123.0;0.99;0.1028;5099990.0;71.76
Indonesia;4.836.714;120.143;1.01;0.1076;5310739.0;71.76
Indonesia;5.001.429;115.0;1.03;0.1109;5431997.0;71.76
Indonesia;5.115.143;120.286;1.03;0.1169;5568857.0;71.76
Indonesia;5.211.286;120.857;1.03;0.1212;5713404.0;71.76
Indonesia;5.225.286;121.143;1.02;0.1208;5819946.0;71.76
Indonesia;5.270.714;126.429;1.02;0.1213;5889716.0;71.76
Indonesia;5.336.143;127.714;1.02;0.1227;5910921.0;71.76
Indonesia;5.353.714;130.143;1.02;0.122;6050732.0;71.76
Indonesia;5.331.857;142.143;1.02;0.1225;6131887.0;71.76
Indonesia;5341.0;157.286;1.02;0.1216;6322003.0;71.76
Indonesia;5.350.429;157.0;1.01;0.1191;6488197.0;71.76
Indonesia;5.360.857;164.286;1.0;0.1227;6677148.0;71.76
Indonesia;5.289.857;167.429;0.99;0.1221;6784594.0;71.76
Indonesia;5.263.714;167.143;0.99;0.121;6822304.0;71.76
Indonesia;5.405.429;172.0;1.0;0.1244;6998304.0;71.76
Indonesia;5.277.857;166.0;0.99;0.12;7178768.0;71.76
Indonesia;5.209.429;158.429;0.98;0.1208;7374458.0;71.76
Indonesia;5.150.857;166.0;0.98;0.1195;7566371.0;71.76
Indonesia;5160.0;167.857;0.98;0.1159;7629859.0;71.76
Indonesia;5.155.429;164.571;0.97;0.116;7667583.0;71.76
Indonesia;5.154.286;171.714;0.97;0.116;7678485.0;71.76
Indonesia;4.980.857;168.286;0.97;0.1125;7827196.0;71.76
Indonesia;4.939.857;171.143;0.98;0.1117;7981055.0;71.76
Indonesia;4.946.143;176.143;0.99;0.1083;8151942.0;71.76
Indonesia;4.919.571;166.0;1.0;0.1096;8317944.0;71.76
Indonesia;5.037.714;163.143;1.0;0.114;8456259.0;71.76
Indonesia;5.268.857;170.0;0.99;0.1181;8583854.0;71.76
Indonesia;5.201.429;173.714;0.96;0.1174;8634546.0;71.76
Indonesia;5.224.429;181.286;0.93;0.1194;8755256.0;71.76
Indonesia;5.317.571;189.714;0.91;0.1241;8870424.0;71.76
Indonesia;5.220.857;181.143;0.87;0.1272;8908265.0;71.76
Indonesia;4.906.714;174.286;0.84;0.1326;8919557.0;71.76
Indonesia;4379.0;165.714;0.83;0.1343;8921431.0;71.76
Indonesia;3844.0;160.714;0.85;0.1305;8954300.0;71.76
Indonesia;3.723.714;154.429;0.91;0.1281;8970715.0;71.76
Indonesia;3.638.571;155.286;0.97;0.1221;9066982.0;71.76
Indonesia;3.519.143;144.571;1.02;0.119;9247600.0;71.76
Indonesia;3.556.714;150.286;1.07;0.1124;9366635.0;71.76
Indonesia;3.892.286;167.286;1.11;0.1066;9536102.0;71.76
Indonesia;4337.0;178.571;1.13;0.0975;9711246.0;71.76
Indonesia;4.752.857;176.857;1.13;0.1006;9825499.0;71.76
Indonesia;5.067.143;176.429;1.14;0.0995;9871664.0;71.76
Indonesia;5.297.429;164.286;1.13;0.0991;9896982.0;71.76
Indonesia;5.422.429;164.286;1.12;0.0967;10125480.0;71.76
Indonesia;5.445.714;157.429;1.12;0.0964;10224833.0;71.76
Indonesia;5.514.429;145.714;1.12;0.096;10359996.0;71.76
Indonesia;5531.0;146.714;1.12;0.096;10486399.0;71.76
Indonesia;5.712.286;151.0;1.12;0.0922;10554796.0;71.76
Indonesia;5.831.571;153.714;1.1;0.0945;10584489.0;71.76
Indonesia;5.796.571;160.429;1.08;0.0941;10631835.0;71.76
Indonesia;5.762.857;156.571;1.07;0.0959;10714300.0;71.76
Indonesia;5.793.143;162.429;1.07;0.0979;10852984.0;71.76
Indonesia;5661.0;169.714;1.08;0.0966;10984900.0;71.76
Indonesia;5.750.143;170.857;1.1;0.1;11055554.0;71.76
Indonesia;5.754.286;169.571;1.13;0.104;11121469.0;71.76
Indonesia;5.713.857;172.571;1.15;0.104;11126757.0;71.76
Indonesia;5904.0;175.0;1.17;0.1081;11197069.0;71.76
Indonesia;6114.0;181.286;1.19;0.107;11356025.0;71.76
Indonesia;6.468.143;179.143;1.21;0.1076;11436259.0;71.76
Indonesia;6.973.714;182.571;1.23;0.1131;11488917.0;71.76
Indonesia;7.201.857;181.429;1.23;0.1145;11525638.0;71.76
Indonesia;7.326.286;183.0;1.25;0.1148;11559138.0;71.76
Indonesia;7.902.857;181.0;1.27;0.1241;11568443.0;71.76
Indonesia;8.073.714;187.571;1.28;0.1264;11615862.0;71.76
Indonesia;8.340.429;184.0;1.3;0.1336;11699021.0;71.76
Indonesia;8.657.429;187.714;1.33;0.1483;11815618.0;71.76
Indonesia;9.190.571;197.143;1.36;0.1536;11963130.0;71.76
Indonesia;9.891.571;211.0;1.38;0.1654;12096066.0;71.76
Indonesia;10.668.857;223.0;1.39;0.1733;12212906.0;71.76
Indonesia;11.221.571;254.714;1.4;0.1774;12239706.0;71.76
Indonesia;12.128.286;262.857;1.41;0.1876;12320386.0;71.76
Indonesia;12915.0;287.286;1.41;0.1948;12514917.0;71.76
Indonesia;13.681.286;302.571;1.41;0.1929;12640041.0;71.76
Indonesia;14817.0;313.714;1.42;0.2043;12769789.0;71.76
Indonesia;15.657.286;332.571;1.42;0.2071;12912623.0;71.76
Indonesia;16.827.143;348.286;1.42;0.2134;13018524.0;71.76
Indonesia;17.913.571;353.714;1.4;0.2195;13109031.0;71.76
Indonesia;18.793.286;372.143;1.39;0.2233;13182034.0;71.76
Indonesia;19.764.571;390.429;1.37;0.2225;13329738.0;71.76
Indonesia;20693.0;413.857;1.35;0.2237;13465499.0;71.76
Indonesia;21.301.857;435.143;1.35;0.2274;13624157.0;71.76
Indonesia;22.295.857;451.857;1.35;0.2354;13770107.0;71.76
Indonesia;23.269.857;471.143;1.36;0.2411;13922732.0;71.76
Indonesia;24.111.429;492.0;1.37;0.2473;13979564.0;71.76
Indonesia;25.404.429;511.286;1.38;0.256;14035934.0;71.76
Indonesia;26.936.143;549.143;1.37;0.259;14267980.0;71.62
Indonesia;28.732.143;631.0;1.37;0.2613;14443813.0;71.61
Indonesia;30.668.571;680.714;1.35;0.266;14622502.0;71.61
Indonesia;32.424.857;728.143;1.34;0.2682;14868577.0;71.61
Indonesia;33.450.714;775.714;1.34;0.2659;14969330.0;71.61
Indonesia;34.731.286;840.286;1.34;0.2636;15011348.0;71.61
Indonesia;36.257.286;887.857;1.35;0.2662;15036468.0;71.61
Indonesia;38.644.429;907.286;1.35;0.2772;15190998.0;71.61
Indonesia;41.521.286;900.286;1.33;0.2887;15611554.0;71.6
Indonesia;44145.0;918.857;1.29;0.2926;15810099.0;71.6
Indonesia;46413.0;966.571;1.24;0.2971;15940729.0;71.6
Indonesia;48.821.286;1.004.571;1.19;0.3007;16217855.0;71.6
Indonesia;50039.0;1.016.857;1.14;0.3054;16274150.0;71.6
Indonesia;49.157.571;1.080.714;1.09;0.299;16400351.0;71.59
Indonesia;47.789.857;1.140.143;1.05;0.3024;16451288.0;71.59
Indonesia;44.826.286;1.196.143;1.02;0.2989;16606675.0;71.59
Indonesia;43.790.857;1.262.857;1.03;0.2805;16896200.0;71.59
Indonesia;43.086.714;1.314.429;1.02;0.2702;17154145.0;71.59
Indonesia;42153.0;1.360.571;1.01;0.2664;17475996.0;71.58
Indonesia;41.289.857;1.385.286;1.0;0.2643;17906504.0;71.58
Indonesia;40.428.571;1.406.571;0.99;0.2603;18129878.0;71.58
Indonesia;41.411.143;1.519.286;0.98;0.2514;18666343.0;71.57
Indonesia;43.413.857;1.582.286;0.97;0.2487;19103162.0;71.57
Indonesia;42.552.429;1.645.714;0.94;0.2553;19669222.0;71.56
Indonesia;41.423.429;1.673.286;0.92;0.2568;20146421.0;71.56
Indonesia;40.261.714;1.729.429;0.9;0.2563;20534823.0;71.55
Indonesia;39.127.286;1.777.714;0.89;0.2517;20673079.0;71.55
Indonesia;38.295.286;1.789.286;0.88;0.2497;20934425.0;71.55
Indonesia;36.680.571;1722.0;0.88;0.2457;21436908.0;71.54
Indonesia;34.977.143;1711.0;0.88;0.2427;21965366.0;71.54
Indonesia;33875.0;1689.0;0.88;0.2397;22210379.0;71.54
Indonesia;33.641.286;1.671.286;0.87;0.242;22891824.0;71.53
Indonesia;32.851.143;1.639.857;0.86;0.2378;23345264.0;71.52
Indonesia;32.233.571;1.624.714;0.86;0.2358;23777323.0;71.52
Indonesia;31.991.429;1.611.429;0.85;0.2359;24212024.0;71.52
Indonesia;31.731.571;1.675.714;0.84;0.2353;24897580.0;71.51
Indonesia;30.982.714;1.651.714;0.83;0.2331;25439300.0;71.5
Indonesia;29.403.429;1.612.714;0.81;0.2255;25744850.0;71.5
Indonesia;28.154.286;1.583.714;0.81;0.2165;27228923.0;71.49
Indonesia;27.703.571;1.538.286;0.8;0.2172;27793556.0;71.48
Indonesia;26.903.286;1.498.857;0.78;0.214;28112285.0;71.48
Indonesia;26.428.286;1466.0;0.76;0.2154;28524986.0;71.47
Indonesia;24.808.286;1342.0;0.74;0.2133;29159049.0;71.47
Indonesia;22.685.857;1.277.571;0.72;0.2097;29403345.0;71.46
Indonesia;22.306.429;1.281.286;0.72;0.2121;30368525.0;71.45
Indonesia;20.765.857;1.269.286;0.72;0.2066;30753137.0;71.45
Indonesia;19.072.429;1.282.286;0.71;0.1925;31210922.0;71.45
Indonesia;17.871.714;1.254.857;0.71;0.1816;31601868.0;71.44
Indonesia;16.760.286;1.197.286;0.72;0.1713;32046224.0;71.44
Indonesia;16.526.714;1177.0;0.72;0.1636;32640998.0;71.43
Indonesia;16.941.429;1.164.571;0.72;0.1529;33094505.0;71.43
Indonesia;16.205.143;1.078.429;0.7;0.1438;33357249.0;71.42
Indonesia;15150.0;971.429;0.66;0.1355;34121203.0;71.42
Indonesia;14.193.714;861.429;0.64;0.1289;34702821.0;71.41
Indonesia;13.482.143;793.0;0.63;0.1213;34858000.0;71.41
Indonesia;12.886.714;753.857;0.62;0.1154;35314460.0;71.4
Indonesia;11.662.143;681.571;0.62;0.1036;35855211.0;71.4
Indonesia;10.471.571;626.143;0.61;0.0945;36343220.0;71.39
Indonesia;9.336.714;596.286;0.61;0.0727;36859401.0;71.39
Indonesia;8648.0;592.714;0.65;0.076;37648033.0;71.38
Indonesia;8.173.286;585.286;0.64;0.0697;38030652.0;71.38
Indonesia;7.884.143;562.571;0.64;0.0662;38223153.0;71.37
Indonesia;7738.0;568.857;0.63;0.0636;38472091.0;71.37
Indonesia;7.261.857;590.429;0.63;0.0493;39165980.0;71.36
Indonesia;6.746.714;586.571;0.62;0.0453;39721571.0;71.36
Indonesia;6.323.143;537.143;0.61;0.0501;40362820.0;71.35
Indonesia;5.977.286;500.143;0.6;0.0386;40867993.0;71.35
Indonesia;5.730.714;461.714;0.6;0.0365;41534340.0;71.34
Indonesia;5.498.714;432.571;0.6;0.0344;41734734.0;71.34
Indonesia;5.236.429;384.571;0.59;0.0321;42104839.0;71.34
Indonesia;4.797.429;322.714;0.58;0.033;42565331.0;71.33
Indonesia;4.399.857;271.429;0.58;0.03;42962640.0;71.33
Indonesia;3.993.429;257.571;0.59;0.03;43484971.0;73.66
Indonesia;3.773.286;243.857;0.59;0.0246;44124715.0;73.65
Indonesia;3.542.429;231.714;0.6;0.0219;44716570.0;73.64
Indonesia;3.321.714;225.571;0.61;0.0203;45134194.0;73.63
Indonesia;3.229.571;209.857;0.62;0.0193;45224650.0;68.07
Indonesia;3106.0;198.571;0.62;0.0187;45853033.0;68.06
Indonesia;2.930.571;181.714;0.62;0.0172;46496177.0;68.04
Indonesia;2.892.857;170.714;0.63;0.0154;46980347.0;68.03
Indonesia;2.710.286;160.0;0.62;0.0159;47708141.0;68.02
Indonesia;2532.0;151.143;0.62;0.0151;47996105.0;68.01
Indonesia;2.464.286;142.714;0.63;0.0145;48526648.0;68.0
Indonesia;2.386.857;135.857;0.63;0.0147;48915476.0;67.99
Indonesia;2.214.571;129.143;0.62;0.0147;49655718.0;67.98
Indonesia;2.105.143;124.571;0.62;0.0138;50412993.0;67.96
Indonesia;1935.0;117.857;0.62;0.0124;51113360.0;67.95
Indonesia;1.801.714;109.714;0.62;0.0116;51750697.0;67.94
Indonesia;1.698.429;104.857;0.63;0.0112;52316566.0;67.93
Indonesia;1.610.143;100.857;0.64;0.0105;52676052.0;67.92
Indonesia;1.543.286;96.571;0.65;0.0096;53006923.0;67.91
Indonesia;1450.0;89.857;0.66;0.0084;53656921.0;66.05
Indonesia;1.382.857;83.857;0.67;0.0081;54441979.0;66.03
Indonesia;1.340.429;79.286;0.68;0.0079;54959545.0;66.02
Indonesia;1.306.143;76.286;0.69;0.0076;56106006.0;66.0
Indonesia;1.270.857;71.0;0.69;0.0073;56908664.0;65.98
Indonesia;1.235.429;68.286;0.7;0.0072;57409303.0;65.97
Indonesia;1.192.286;65.0;0.71;0.0069;57607200.0;65.97
Indonesia;1.171.857;60.714;0.72;0.0067;58405580.0;59.47
Indonesia;1136.0;56.857;0.72;0.0066;59411498.0;59.45
Indonesia;1.087.429;50.571;0.73;0.0064;60422073.0;59.43
Indonesia;1.020.429;47.0;0.73;0.006;61397055.0;59.41
Indonesia;996.143;45.857;0.73;0.0058;62166916.0;59.4
Indonesia;975.143;43.0;0.74;0.0057;62732568.0;59.38
Indonesia;976.0;40.429;0.74;0.0057;63188800.0;59.37
Indonesia;924.857;40.857;0.74;0.0055;64008898.0;59.36
Indonesia;879.286;38.0;0.73;0.0053;64622692.0;59.35
Indonesia;819.286;38.857;0.73;0.0051;65173148.0;59.33
Indonesia;797.143;37.714;0.74;0.005;66316667.0;59.31
Indonesia;769.286;34.714;0.76;0.0049;67165732.0;59.29
Indonesia;751.571;36.143;0.76;0.0048;67915440.0;59.28
Indonesia;727.857;33.714;0.77;0.0047;68264009.0;59.27
Indonesia;686.143;31.571;0.77;0.0044;69130122.0;59.25
Indonesia;658.286;31.714;0.78;0.0042;70113618.0;59.23
Indonesia;671.143;30.429;0.79;0.0042;71099869.0;59.21
Indonesia;660.143;29.714;0.8;0.0041;72061077.0;59.2
Indonesia;634.143;30.286;0.81;0.004;73290688.0;59.17
Indonesia;619.857;28.571;0.82;0.0039;73698983.0;59.16
Indonesia;611.714;26.857;0.82;0.0039;74088927.0;59.15
Indonesia;611.857;26.714;0.83;0.0039;74805667.0;59.14
Indonesia;623.571;26.0;0.83;0.004;75829190.0;59.12
Indonesia;610.0;23.857;0.81;0.0039;76687750.0;59.1
Indonesia;586.429;22.571;0.79;0.0037;77687838.0;59.08
Indonesia;555.143;20.857;0.77;0.0035;78114072.0;59.07
Indonesia;543.857;20.0;0.77;0.0033;78994163.0;59.06
Indonesia;521.143;19.143;0.76;0.0032;79212475.0;59.05
Indonesia;495.714;17.286;0.76;0.0031;80070525.0;59.03
Indonesia;449.857;15.857;0.76;0.0027;80954139.0;59.02
Indonesia;422.286;15.429;0.77;0.0026;81711099.0;59.0
Indonesia;405.286;15.571;0.77;0.0025;82818492.0;61.76
Indonesia;399.286;15.714;0.79;0.0024;83418086.0;61.75
Indonesia;384.286;16.286;0.8;0.0023;84161759.0;61.73
Indonesia;381.0;16.143;0.82;0.0022;84552446.0;61.72
Indonesia;368.571;15.286;0.84;0.0021;85370684.0;61.71
Indonesia;374.571;15.143;0.86;0.0021;86279716.0;61.69
Indonesia;369.571;14.429;0.86;0.0021;86335923.0;61.69
Indonesia;364.0;12.286;0.87;0.002;87960117.0;61.65
Indonesia;368.857;12.0;0.88;0.002;88760197.0;61.64
Indonesia;365.286;11.429;0.89;0.002;89220341.0;61.63
Indonesia;360.286;10.571;0.89;0.002;89426870.0;61.63
Indonesia;367.0;9.714;0.91;0.002;90227782.0;61.61
Indonesia;356.857;9.714;0.92;0.002;91214986.0;61.59
Indonesia;352.857;10.429;0.92;0.0019;92274562.0;61.57
Indonesia;366.143;11.714;0.91;0.002;93105029.0;61.55
Indonesia;367.714;11.286;0.89;0.002;93666839.0;61.54
Indonesia;360.571;9.857;0.86;0.0019;94339737.0;61.53
Indonesia;359.143;10.714;0.83;0.0019;94755660.0;61.52
Indonesia;345.286;11.0;0.81;0.0018;95473868.0;61.5
Indonesia;320.571;10.571;0.79;0.0017;96519346.0;61.48
Indonesia;311.857;9.714;0.79;0.0017;97318649.0;61.47
Indonesia;282.143;8.857;0.78;0.0015;98046834.0;61.45
Indonesia;259.571;8.0;0.78;0.0014;98623618.0;61.44
Indonesia;249.857;8.429;0.79;0.0013;99009581.0;61.43
Indonesia;243.286;8.143;0.79;0.0013;99225572.0;61.43
Indonesia;238.143;9.0;0.8;0.0012;99825444.0;64.19
Indonesia;236.143;9.857;0.8;0.0011;100459272.0;64.18
Indonesia;223.143;9.714;0.79;0.001;101149509.0;64.16
Indonesia;215.571;9.286;0.79;0.0009;101794596.0;64.15
Indonesia;213.0;9.429;0.81;0.0009;102445257.0;64.14
Indonesia;208.286;9.857;0.83;0.0009;102910182.0;64.13
Indonesia;204.857;10.286;0.83;0.0009;103098857.0;64.12
Indonesia;194.714;9.571;0.85;0.0009;103638318.0;64.11
Indonesia;186.286;8.571;0.88;0.0009;104522156.0;64.09
Indonesia;185.286;8.714;0.91;0.0009;105238121.0;64.08
Indonesia;199.429;9.0;0.94;0.001;106020538.0;64.06
Indonesia;200.0;9.857;0.93;0.001;106636173.0;64.05
Indonesia;200.143;9.429;0.93;0.001;107051563.0;64.04
Indonesia;204.0;9.286;0.92;0.0011;107180178.0;64.04
Indonesia;207.714;9.143;0.91;0.0011;107706013.0;64.03
Indonesia;204.0;9.286;0.9;0.0011;108540055.0;64.01
Indonesia;193.0;9.0;0.9;0.001;109257071.0;64.0
Indonesia;180.571;8.714;0.93;0.001;109955752.0;66.76
Indonesia;183.857;7.857;0.97;0.001;110407287.0;66.76
Indonesia;173.571;7.571;0.98;0.0009;110620807.0;66.75
Indonesia;171.714;7.143;1.05;0.001;110812856.0;66.75
Indonesia;180.571;6.714;1.08;0.001;111565302.0;66.73
Indonesia;182.714;6.714;1.09;0.0011;112277788.0;66.72
Indonesia;190.286;6.571;1.11;0.0012;113004368.0;66.7
Indonesia;186.857;6.714;1.16;0.0012;113666327.0;66.69
Indonesia;189.571;6.143;1.23;0.0012;114030438.0;66.68
Indonesia;201.286;6.0;1.31;0.0014;114103362.0;66.68
Indonesia;222.0;5.571;1.39;0.0014;114196339.0;61.13
Indonesia;225.0;4.857;1.45;0.0013;114565936.0;61.12
Indonesia;255.0;4.0;1.53;0.0014;114822604.0;61.11
Indonesia;304.143;4.0;1.58;0.0017;115554584.0;61.1
Indonesia;352.429;3.857;1.6;0.0018;116114884.0;62.26
Indonesia;381.714;4.429;1.61;0.0019;116569908.0;62.25
Indonesia;432.429;4.571;1.63;0.0021;116819952.0;62.25
Indonesia;459.429;4.857;1.64;0.0023;116999284.0;62.25
Indonesia;531.286;5.571;1.65;0.0027;117333660.0;62.25
Indonesia;565.857;5.857;1.64;0.0029;117947474.0;62.24
Indonesia;603.0;5.571;1.65;0.0032;118488929.0;62.23
Indonesia;650.429;6.0;1.68;0.0034;118952014.0;62.23
Indonesia;732.571;5.714;1.72;0.0038;119424581.0;62.22
Indonesia;779.143;5.857;1.77;0.0041;119746532.0;62.22
Indonesia;824.571;5.429;1.82;0.0043;119992852.0;62.22
Indonesia;904.571;5.571;1.9;0.0048;120621088.0;62.21
Indonesia;1.061.571;6.0;1.98;0.0058;121566591.0;62.2
Indonesia;1.250.571;6.286;2.06;0.0069;122378266.0;62.2
Indonesia;1.501.143;5.429;2.12;0.0083;123167273.0;60.94
Indonesia;1.808.429;5.571;2.17;0.01;123782386.0;60.93
Indonesia;2.104.143;7.143;2.21;0.0116;124080794.0;60.93
Indonesia;2412.0;7.571;2.26;0.0134;124334472.0;60.92
Indonesia;2.914.286;9.143;2.31;0.0164;125106842.0;60.91
Indonesia;3.666.429;8.857;2.36;0.0192;125673513.0;60.89
Indonesia;4518.0;8.857;2.36;0.0227;126413464.0;60.88
Indonesia;5561.0;9.571;2.35;0.0269;127164526.0;60.86
Indonesia;6.758.571;11.286;2.33;0.0312;127727473.0;60.85
Indonesia;8.115.286;11.857;2.29;0.0365;128005763.0;60.85
Indonesia;9.152.143;13.286;2.24;0.0404;128028074.0;60.85
Indonesia;10744.0;14.429;2.21;0.0457;128655689.0;60.83
Indonesia;12299.0;17.0;2.19;0.0529;128737666.0;60.83
Indonesia;15.030.429;21.429;2.2;0.062;129405527.0;60.82
Indonesia;18217.0;26.429;2.16;0.0727;130122520.0;60.8
Indonesia;21380.0;30.286;2.08;0.0832;130784199.0;60.79
Indonesia;24.756.429;35.857;2.0;0.0933;131080731.0;60.78
Indonesia;27033.0;45.143;1.89;0.103;131119425.0;60.78
Indonesia;30.100.286;53.0;1.8;0.1118;132090119.0;60.76
Indonesia;34.235.714;58.714;1.72;0.1259;132667991.0;60.75
Indonesia;36153.0;63.857;1.64;0.1379;133703748.0;60.73
Indonesia;37.335.571;72.143;1.59;0.1495;134403989.0;60.72
Indonesia;40.404.143;81.143;1.56;0.1604;135209233.0;60.7
Indonesia;41614.0;88.857;1.51;0.1646;135766676.0;60.69
Indonesia;43.096.857;97.857;1.47;0.1619;135814029.0;60.69
Indonesia;45.890.714;105.143;1.44;0.1659;136647928.0;60.67
Indonesia;48.444.286;119.714;1.39;0.1663;137485375.0;60.66
Indonesia;51.778.286;138.571;1.34;0.169;138280959.0;60.64
Indonesia;54.513.429;155.143;1.28;0.1714;139140467.0;60.62
Indonesia;55.109.857;162.429;1.23;0.1742;139946128.0;60.61
Indonesia;55.675.286;169.857;1.18;0.1766;140301087.0;60.6
Indonesia;55.377.714;174.286;1.13;0.1781;140420471.0;60.6
Indonesia;55.440.857;191.857;1.09;0.181;141042401.0;60.58
Indonesia;54.979.429;200.429;1.05;0.1827;141806330.0;60.57
Indonesia;54.046.571;216.286;1.0;0.1846;142517246.0;60.55
Indonesia;52.591.143;220.286;0.95;0.1824;143280295.0;60.54
Indonesia;50771.0;234.571;0.9;0.1775;143774691.0;60.53
Indonesia;48.841.286;244.0;0.86;0.1771;143778623.0;60.53
Indonesia;47.503.571;256.286;0.82;0.1822;144458756.0;60.51
Indonesia;42.823.143;266.0;0.78;0.1763;144505806.0;60.51
Indonesia;39.884.857;287.286;0.77;0.1691;144506997.0;60.51
Indonesia;37.003.857;275.143;0.75;0.1642;146204141.0;60.48
Indonesia;33.703.857;287.143;0.74;0.1578;146554884.0;60.47
Indonesia;31.348.571;296.286;0.74;0.1547;147280509.0;60.46
Indonesia;29.904.429;299.857;0.73;0.1464;147858311.0;60.45
Indonesia;29.379.571;299.286;0.71;0.1364;148021351.0;60.44
Indonesia;30.153.857;310.143;0.69;0.1377;148587718.0;54.87
Indonesia;28.070.429;299.857;0.66;0.1349;148989922.0;49.31
Indonesia;25.792.143;306.429;0.62;0.1308;149793531.0;49.29
Indonesia;24.329.714;301.0;0.6;0.1345;150280634.0;49.28
Indonesia;22.150.286;290.429;0.58;0.1349;150773781.0;49.27
Indonesia;20.252.857;284.857;0.56;0.1358;151378726.0;49.26
Indonesia;18.574.143;286.714;0.55;0.1371;151486424.0;49.26
Indonesia;16.325.571;273.429;0.53;0.1315;151821843.0;49.25
Indonesia;14423.0;262.857;0.52;0.1236;152405191.0;49.24
Indonesia;13026.0;257.0;0.51;0.1134;152729588.0;49.23
Indonesia;12.085.714;244.0;0.5;0.1007;153448151.0;52.0
Indonesia;11093.0;235.429;0.49;0.0924;153649398.0;51.99
Indonesia;10284.0;224.571;0.47;0.0881;154267349.0;51.98
Indonesia;9.579.714;207.857;0.46;0.0837;154370080.0;51.98
Indonesia;8.587.714;188.143;0.44;;155391750.0;51.96
Indonesia;7.638.857;178.0;0.43;;156139516.0;51.94
Indonesia;6.821.143;161.571;0.43;;156336412.0;51.94
Indonesia;6.153.857;150.286;0.43;;156636335.0;50.35
Indonesia;5.616.429;138.714;0.47;;157569955.0;50.33
Indonesia;5210.0;133.143;0.53;;157840758.0;50.32
Indonesia;4.938.429;126.0;0.53;;157974507.0;50.31
Indonesia;4.428.571;117.143;0.49;;158830466.0;50.29
Indonesia;4.066.286;111.286;0.48;;159025975.0;50.28
Indonesia;3.712.571;106.571;0.46;;159325260.0;50.27
Indonesia;3.437.286;100.143;0.46;;159686492.0;50.26
Indonesia;3.167.429;95.857;0.45;;159950991.0;50.25
Indonesia;3004.0;88.286;0.47;;159988167.0;50.25
Indonesia;2.841.571;82.143;0.53;;160107111.0;50.25
Indonesia;2.611.143;77.0;0.62;;160107212.0;50.25
Indonesia;2.405.429;66.286;0.59;;160741389.0;50.23
Indonesia;2.227.857;60.0;0.55;;160935915.0;50.22
Indonesia;2060.0;56.0;0.53;;161119107.0;50.22
Indonesia;1.941.143;50.857;0.52;;161333038.0;50.21
Indonesia;1818.0;48.286;0.5;;161423404.0;50.21
Indonesia;1.751.571;46.429;0.49;;161533989.0;50.21
Indonesia;1.633.429;42.286;0.47;;161761633.0;50.2
Indonesia;1.512.143;40.286;0.46;;161932505.0;50.19
Indonesia;1.332.714;40.714;0.44;;162204973.0;50.19
Indonesia;1.213.714;37.714;0.44;;162372110.0;50.18
Indonesia;1090.0;35.286;0.45;;162560631.0;50.17
Indonesia;1.023.714;34.286;0.45;;162750057.0;50.17
Indonesia;932.714;32.714;0.46;;162879095.0;50.17
Indonesia;844.429;31.429;0.45;;163036814.0;43.21
Indonesia;728.714;32.571;0.46;;163180128.0;43.21
Indonesia;693.286;31.571;0.5;;163358647.0;43.2
Indonesia;654.571;31.429;0.51;;163709692.0;43.19
Indonesia;643.143;31.857;0.52;;163874842.0;43.19
Indonesia;611.0;33.429;0.52;;163954030.0;43.19
Indonesia;576.429;32.857;0.53;;164023683.0;43.18
Indonesia;539.143;32.286;0.53;;164180156.0;43.18
Indonesia;521.429;32.143;0.53;;164338853.0;43.18
Indonesia;496.714;28.857;0.49;;164657310.0;43.17
Indonesia;460.143;28.571;0.5;;165052289.0;43.15
Indonesia;432.571;27.143;0.51;;165134259.0;43.15
Indonesia;412.857;24.714;0.5;;165230060.0;43.15
Indonesia;391.571;22.0;0.49;;165376991.0;43.14
Indonesia;324.571;20.286;0.49;;165425255.0;43.14
Indonesia;261.571;17.429;0.51;;;43.14
Indonesia;238.429;17.571;0.53;;165600933.0;43.14
Indonesia;217.0;16.714;0.61;;165613761.0;43.14
Indonesia;201.143;16.286;0.68;;165632168.0;43.14
Indonesia;198.714;15.429;0.75;;165641991.0;43.14
Indonesia;211.0;15.571;0.81;;165656103.0;43.14
Indonesia;260.857;15.857;0.88;;165707687.0;43.13
Indonesia;292.857;14.714;1.01;;165839856.0;43.13
Indonesia;305.0;14.0;1.21;;165969135.0;43.13
Indonesia;317.857;13.0;1.15;;166080531.0;43.12
Indonesia;330.714;11.714;1.07;;166160498.0;43.12
Indonesia;335.0;11.0;1.0;;166252348.0;43.12
Indonesia;324.714;9.714;0.95;;166273179.0;41.97
Indonesia;294.857;9.286;0.93;;166290758.0;41.97
Indonesia;284.429;10.571;0.91;;166406981.0;41.96
Indonesia;282.0;10.286;0.88;;166492274.0;41.95
Indonesia;269.857;9.286;0.89;;166632702.0;41.94
Indonesia;263.429;9.429;0.91;;166764720.0;41.93
Indonesia;259.143;9.143;0.92;;166837615.0;41.93
Indonesia;258.0;10.0;0.94;;166911457.0;41.92
Indonesia;272.0;9.571;0.95;;166971873.0;41.92
Indonesia;270.286;7.857;0.95;;167068380.0;41.91
Indonesia;260.0;6.571;0.93;;167156856.0;41.91
Indonesia;256.286;7.429;0.96;;167198137.0;41.9
Indonesia;258.571;7.714;1.01;;167264389.0;41.9
Indonesia;260.714;7.429;1.04;;167325130.0;41.89
Indonesia;267.0;7.429;1.08;;167330132.0;41.89
Indonesia;266.286;6.143;1.11;;167420810.0;41.89
Indonesia;273.857;5.857;1.14;;167507245.0;41.88
Indonesia;282.143;6.286;1.16;;;41.88
Indonesia;303.286;5.571;1.22;;167598405.0;41.87
Indonesia;319.857;5.286;1.27;;;41.87
Indonesia;340.714;5.857;1.31;;;41.87
Indonesia;358.429;5.143;1.33;;;34.47
Indonesia;383.857;4.714;1.36;;167822664.0;32.6
Indonesia;405.571;4.857;1.37;;;30.43
Indonesia;441.571;5.0;1.4;;;30.43
Indonesia;478.0;4.857;1.44;;;30.43
Indonesia;503.571;4.429;1.47;;;30.43
Indonesia;526.857;4.0;1.51;;;30.43
Indonesia;562.429;4.286;1.56;;;30.43
Indonesia;621.286;5.429;1.6;;;30.43
Indonesia;724.429;6.0;1.64;;168251795.0;30.41
Indonesia;812.571;5.429;1.63;;;30.41
Indonesia;897.286;5.857;1.62;;;30.41
Indonesia;995.857;6.143;1.61;;;30.41
Indonesia;1.083.857;6.286;1.59;;;30.41
Indonesia;1168.0;6.143;1.58;;;30.41
Indonesia;1.274.857;5.429;1.56;;168544951.0;30.22
Indonesia;1381.0;4.571;1.53;;;32.38
Indonesia;1.485.857;4.714;1.5;;;32.38
Indonesia;1.607.143;4.571;1.46;;;32.38
Indonesia;1.688.143;4.286;1.42;;;32.38
Indonesia;1768.0;4.286;1.38;;;32.38
Indonesia;1.805.857;4.429;1.33;;;32.38
Indonesia;1.875.714;4.0;1.29;;;29.94
Indonesia;1.899.143;4.143;1.25;;;29.94
Indonesia;1.947.857;4.429;1.23;;;29.94
Indonesia;1945.0;4.143;1.21;;;29.94
Indonesia;1.939.714;4.429;1.2;;;29.94
Indonesia;1.923.714;4.571;1.2;;;29.94
Indonesia;1.922.143;4.571;1.21;;;29.94
Indonesia;1.980.714;5.429;1.23;;;29.94
Indonesia;2.065.571;5.571;1.24;;;29.94
Indonesia;2156.0;5.571;1.25;;;29.94
Indonesia;2.216.429;5.857;1.26;;;29.94
Indonesia;2.346.571;5.714;1.27;;;29.94
Indonesia;2484.0;6.0;1.27;;;29.94
Indonesia;2.519.286;5.714;1.27;;;29.94
Indonesia;2.631.286;5.714;1.29;;169392315.0;29.86
Indonesia;2.785.429;6.857;1.31;;;29.86
Indonesia;2.885.857;7.286;1.32;;;29.86
Indonesia;3.008.571;7.429;1.33;;;29.86
Indonesia;3.240.571;7.714;1.35;;;29.86
Indonesia;3.378.286;8.286;1.36;;;29.86
Indonesia;3.622.857;8.714;1.35;;;29.86
Indonesia;3.869.143;8.429;1.34;;169625747.0;29.83
Indonesia;4.130.714;8.143;1.33;;;29.83
Indonesia;4.391.571;7.571;1.31;;;29.83
Indonesia;4.606.286;8.571;1.28;;;29.83
Indonesia;4694.0;9.0;1.26;;;29.83
Indonesia;4.769.857;7.571;1.25;;;29.83
Indonesia;4.863.429;8.143;1.24;;;29.83
Indonesia;5.063.143;9.143;1.23;;169882385.0;29.81
Indonesia;5.175.286;9.286;1.2;;;29.81
Indonesia;5310.0;11.0;1.18;;;29.81
Indonesia;5.452.429;11.0;1.15;;;29.81
Indonesia;5.517.429;11.571;1.12;;;29.81
Indonesia;5.536.571;13.0;1.1;;;29.81
Indonesia;5.486.286;12.571;1.08;;;24.18
Indonesia;5.392.571;14.143;1.07;;170143379.0;24.16
Indonesia;5.353.857;15.143;1.07;;;24.16
Indonesia;5.378.714;14.714;1.07;;;24.16
Indonesia;5.392.714;14.571;1.06;;;24.16
Indonesia;5.400.857;14.143;1.05;;;24.16
Indonesia;5.411.429;14.571;1.04;;;24.16
Indonesia;5.515.571;15.571;1.03;;;24.16
Indonesia;5.579.714;14.714;1.01;;170356449.0;24.14
Indonesia;5.545.286;14.714;1.0;;;24.14
Indonesia;5.403.143;15.857;0.99;;;24.14
Indonesia;5.426.286;16.714;0.99;;;24.14
Indonesia;5.376.143;18.0;0.98;;;24.14
Indonesia;5.399.429;18.714;0.97;;;24.14
Indonesia;5.279.857;19.857;0.95;;;24.14
Indonesia;5.221.714;20.857;0.94;;;27.84
Indonesia;5.125.571;21.0;0.92;;;27.84
Indonesia;4.912.286;20.857;0.92;;;27.84
Indonesia;4.779.714;22.0;0.93;;;27.84
Indonesia;4.753.714;22.429;0.94;;;27.84
Indonesia;4.683.286;21.571;0.94;;;27.84
Indonesia;4.642.143;20.571;0.93;;;27.84
Indonesia;4.497.714;20.429;0.93;;;27.84
Indonesia;4.522.714;20.286;0.93;;;27.84
Indonesia;4.690.571;20.0;0.93;;;29.96
Indonesia;4.602.857;19.286;0.92;;;29.96
Indonesia;4.495.429;18.286;0.91;;;29.96
Indonesia;4.392.429;17.571;0.9;;;29.96
Indonesia;4.331.143;17.857;0.9;;;29.96
Indonesia;4.361.429;17.286;0.89;;;29.96
Indonesia;4.237.857;18.286;0.87;;;29.96
Indonesia;4.077.857;19.143;0.86;;;29.96
Indonesia;3.944.571;18.571;0.85;;;29.96
Indonesia;3.814.571;19.714;0.84;;;29.96
Indonesia;3.748.286;21.0;0.83;;;29.96
Indonesia;3.672.429;21.0;0.82;;;29.96
Indonesia;3.463.429;22.143;0.81;;;29.96
Indonesia;3.313.429;21.571;0.8;;;29.96
Indonesia;3.176.857;19.714;0.8;;;29.96
Indonesia;3.060.857;19.0;0.8;;;29.96
Indonesia;2.967.857;18.0;0.8;;;29.96
Indonesia;2850.0;17.571;0.8;;;29.96
Indonesia;2.779.714;17.0;0.8;;;29.96
Indonesia;2.678.143;15.857;0.8;;170498655.0;29.94
Indonesia;2.576.143;15.857;0.8;;;29.94
Indonesia;2.506.571;17.143;0.8;;;29.94
Indonesia;2.442.857;19.286;0.81;;;29.94
Indonesia;2.367.143;18.143;0.81;;;29.94
Indonesia;2.330.571;17.429;0.81;;170603677.0;29.93
Indonesia;2298.0;18.286;0.82;;;29.93
Indonesia;2244.0;17.571;0.82;;;29.93
Indonesia;2.184.714;17.143;0.81;;;29.93
Indonesia;2.114.857;16.714;0.81;;;29.93
Indonesia;2050.0;15.714;0.81;;;29.93
Indonesia;1.999.286;16.286;0.82;;;29.93
Indonesia;1.960.429;17.429;0.83;;;29.93
Indonesia;1921.0;17.286;0.83;;170706806.0;29.92
Indonesia;1.843.571;18.143;0.83;;;29.92
Indonesia;1.776.571;18.286;0.84;;;29.92
Indonesia;1.753.857;18.143;0.86;;;29.92
Indonesia;1.747.143;18.0;0.87;;;29.92
Indonesia;1735.0;17.714;0.87;;;29.92
Indonesia;1.722.286;16.857;0.88;;170774653.0;29.91
Indonesia;1.692.286;15.286;0.88;;;29.91
Indonesia;1.674.429;14.143;0.88;;;29.91
Indonesia;1.646.857;12.714;0.87;;;29.91
Indonesia;1.622.286;12.0;0.89;;;29.91
Indonesia;1.571.429;11.429;0.9;;;29.91
Indonesia;1.337.286;10.0;0.91;;;29.91
Indonesia;1.480.429;10.429;0.94;;;29.91
Indonesia;1.489.143;10.857;0.97;;170841144.0;29.9
Indonesia;1.521.429;11.286;1.0;;;29.9
Indonesia;1.565.143;12.0;1.02;;;29.9
Indonesia;1565.0;12.286;1.03;;;29.9
Indonesia;1.605.714;12.714;1.04;;;29.9
Indonesia;1.845.429;15.571;1.06;;;29.9
Indonesia;1.702.857;15.429;1.07;;;29.9
Indonesia;1.708.286;15.429;1.09;;170893574.0;29.9
Indonesia;1.720.714;15.714;1.11;;;29.9
Indonesia;1.772.429;16.0;1.14;;;29.9
Indonesia;1.840.571;16.714;1.16;;;29.9
Indonesia;1.903.571;16.714;1.17;;;29.9
Indonesia;1962.0;16.429;1.19;;;29.9
Indonesia;2.013.286;16.571;1.21;;;29.9
Indonesia;2.080.429;18.143;1.23;;170944185.0;29.89
Indonesia;2201.0;18.571;1.25;;;29.89
Indonesia;2295.0;19.714;1.27;;;29.89
Indonesia;2.398.143;20.286;1.29;;;29.89
Indonesia;2.510.714;20.857;1.31;;;29.89
Indonesia;2.661.286;22.143;1.33;;;29.89
Indonesia;2.808.714;24.0;1.35;;170975417.0;29.89
Indonesia;2.916.429;25.286;1.37;;;29.89
Indonesia;3.159.143;26.857;1.39;;;32.19
Indonesia;3.419.857;28.0;1.4;;;32.19
Indonesia;3.694.429;30.714;1.4;;;32.19
Indonesia;4.021.286;32.0;1.39;;;32.19
Indonesia;4.246.429;33.714;1.37;;;32.19
Indonesia;4.381.429;33.143;1.35;;;32.19
Indonesia;4.577.286;34.286;1.34;;;32.19
Indonesia;4.847.857;35.143;1.33;;171068403.0;32.18
Indonesia;5.035.429;36.714;1.31;;;32.18
Indonesia;5.227.286;36.0;1.3;;;32.18
Indonesia;5.362.143;38.143;1.28;;;32.18
Indonesia;5571.0;37.286;1.27;;;32.18
Indonesia;5.744.571;39.286;1.25;;;32.18
Indonesia;5.827.429;41.0;1.24;;;32.18
Indonesia;6012.0;41.429;1.22;;;32.18
Indonesia;6.340.571;43.0;1.21;;;32.18
Indonesia;6.558.857;43.143;1.18;;;32.18
Indonesia;6.623.429;41.143;1.14;;;32.18
Indonesia;6.652.571;40.0;1.11;;;32.18
Indonesia;6.694.714;39.286;1.08;;;32.18
Indonesia;6.680.143;37.714;1.05;;;32.18
Indonesia;6.644.571;39.143;1.02;;171229637.0;32.16
Indonesia;6.463.857;38.714;1.0;;;32.16
Indonesia;6.362.143;39.143;0.97;;;32.16
Indonesia;6.258.857;39.571;0.95;;;32.16
Indonesia;6.128.286;41.857;0.92;;;32.16
Indonesia;5.982.429;42.429;0.89;;;32.16
Indonesia;5828.0;44.714;0.86;;;32.16
Indonesia;5.559.714;45.143;0.83;;;32.16
Indonesia;5.329.429;43.714;0.81;;;32.16
Indonesia;5.024.714;45.571;0.79;;;32.16
Indonesia;4768.0;45.857;0.77;;;32.16
Indonesia;4.508.857;44.571;0.74;;;32.16
Indonesia;4.279.857;43.143;0.72;;;32.16
Indonesia;4.138.286;41.571;0.7;;;32.16
Indonesia;3.849.429;40.286;0.68;;172298515.0;32.05
Indonesia;3.526.857;40.286;0.66;;;32.05
Indonesia;3.241.143;36.429;0.65;;;32.05
Indonesia;3.001.429;36.286;0.64;;;32.05
Indonesia;2.792.286;35.0;0.63;;;32.05
Indonesia;2.655.286;35.143;0.61;;;32.05
Indonesia;2.511.143;32.714;0.6;;;32.05
Indonesia;2.278.714;30.857;0.59;;;32.05
Indonesia;2.105.143;28.429;0.58;;;32.05
Indonesia;1.934.857;28.0;0.57;;;32.05
Indonesia;1.784.857;26.714;0.56;;;32.05
Indonesia;1648.0;26.571;0.56;;;32.05
Indonesia;1.543.857;24.857;0.56;;;32.05
Indonesia;1.484.429;24.143;0.55;;;32.05
Indonesia;1.367.286;23.429;0.54;;172533762.0;32.03
Indonesia;1.222.571;22.143;0.54;;;32.03
Indonesia;1118.0;21.857;0.54;;;32.03
Indonesia;1.042.571;20.714;0.54;;;32.03
Indonesia;978.429;20.0;0.55;;;32.03
Indonesia;932.429;19.857;0.55;;;32.03
Indonesia;883.714;18.143;0.54;;;32.03
Indonesia;813.143;15.571;0.54;;;32.03
Indonesia;752.0;15.429;0.54;;;32.03
Indonesia;699.429;13.571;0.54;;;32.03
Indonesia;646.429;12.286;0.54;;;14.93
Indonesia;604.143;12.571;0.55;;;14.93
Indonesia;579.571;11.714;0.55;;;
Indonesia;550.143;12.0;0.55;;;
Indonesia;528.571;12.571;;;;
Indonesia;514.571;11.857;;;;
Indonesia;493.143;11.714;;;;
Indonesia;488.429;11.429;;;;
Indonesia;483.714;9.571;;;;
Indonesia;480.714;9.143;;;;
Indonesia;481.286;8.429;;;;
Indonesia;455.143;7.0;;;;
Indonesia;427.286;6.857;;;;
Indonesia;409.714;6.571;;;;
Indonesia;387.429;6.571;;;;
Indonesia;378.0;6.429;;;;
Indonesia;362.857;6.286;;;;
Indonesia;357.0;6.429;;;;
Indonesia;341.0;7.0;;;172693321.0;
Indonesia;332.0;7.286;;;;
Indonesia;317.429;7.571;;;;
Indonesia;307.286;7.571;;;;
Indonesia;285.714;7.571;;;;
Indonesia;282.714;7.714;;;;
Indonesia;267.571;7.0;;;;
Indonesia;247.714;6.714;;;;
Indonesia;238.429;5.571;;;;
Indonesia;240.143;5.0;;;;
Indonesia;228.571;4.143;;;;
Indonesia;223.0;3.571;;;;
Indonesia;215.429;3.143;;;;
Indonesia;224.571;3.143;;;;
Indonesia;230.571;3.0;;;;
Indonesia;230.429;3.143;;;;
Indonesia;219.857;3.286;;;;
Indonesia;224.143;3.571;;;;
Indonesia;222.286;4.143;;;;
Indonesia;223.143;4.143;;;;
Indonesia;221.143;4.0;;;;
Indonesia;240.0;4.714;;;;
Indonesia;238.571;5.0;;;;
Indonesia;234.571;4.714;;;;
Indonesia;234.286;4.571;;;;
Indonesia;236.286;4.143;;;;
Indonesia;237.714;4.571;;;;
Indonesia;237.714;4.571;;;;
Indonesia;217.0;3.714;;;;
Indonesia;217.0;3.714;;;;
Indonesia;216.857;3.571;;;;
Indonesia;213.429;3.714;;;;
Indonesia;212.0;3.429;;;;
Indonesia;202.286;3.143;;;;
Indonesia;195.143;2.571;;;;
Indonesia;198.714;2.714;;;;
Indonesia;191.429;2.286;;;;
Indonesia;190.857;2.429;;;;
Indonesia;193.857;2.571;;;;
Indonesia;192.714;3.0;;;;
Indonesia;201.857;3.143;;;;
Indonesia;206.571;3.286;;;;
Indonesia;205.714;3.143;;;;
Indonesia;211.429;3.143;;;;
Indonesia;220.429;3.286;;;;
Indonesia;216.857;3.286;;;;
Indonesia;220.429;3.286;;;;
Indonesia;218.714;3.143;;;;
Indonesia;217.571;3.0;;;;
Indonesia;222.857;2.857;;;;
Indonesia;231.429;3.0;;;;
Indonesia;235.571;3.0;;;;
Indonesia;247.571;2.714;;;;
Indonesia;264.286;2.429;;;;
Indonesia;272.571;2.571;;;;
Indonesia;283.714;2.571;;;;
Indonesia;294.714;2.714;;;;
Indonesia;301.857;2.714;;;;
Indonesia;311.286;3.143;;;;
Indonesia;315.286;3.429;;;;
Indonesia;319.714;3.429;;;;
Indonesia;326.714;3.286;;;;
Indonesia;328.429;3.571;;;;
Indonesia;341.714;3.429;;;;
Indonesia;354.143;3.714;;;;
Indonesia;344.286;3.0;;;;
Indonesia;349.143;2.429;;;;
Indonesia;360.714;3.571;;;;
Indonesia;382.714;3.286;;;;
Indonesia;396.286;3.571;;;;
Indonesia;401.714;4.0;;;;
Indonesia;420.429;3.714;;;;
Indonesia;456.429;4.0;;;;
Indonesia;471.857;5.0;;;;
Indonesia;479.0;4.143;;;;
Indonesia;475.714;4.714;;;;
Indonesia;475.714;4.286;;;;
Indonesia;490.714;4.286;;;;
Indonesia;502.857;4.429;;;;
Indonesia;507.857;4.571;;;;
Indonesia;529.857;3.714;;;;
Indonesia;520.429;3.857;;;;
Indonesia;543.571;3.571;;;;
Indonesia;567.143;3.857;;;;
Indonesia;614.0;5.143;;;;
Indonesia;660.0;6.143;;;;
Indonesia;717.0;7.429;;;;
Indonesia;773.857;9.143;;;;
Indonesia;848.286;9.429;;;;
Indonesia;896.714;10.143;;;;
Indonesia;929.714;10.286;;;;
Indonesia;986.714;9.857;;;;
Indonesia;1.023.143;10.0;;;;
Indonesia;1.045.286;9.857;;;;
Indonesia;1.029.143;8.571;;;;
Indonesia;1.002.143;8.571;;;;
Indonesia;927.857;7.714;;;;
Indonesia;912.857;7.571;;;;
Indonesia;887.714;7.143;;;;
Indonesia;910.143;7.429;;;;
Indonesia;1015.0;8.0;;;;
Indonesia;1.181.143;12.571;;;;
Indonesia;1370.0;13.714;;;;
Indonesia;1.540.143;15.286;;;;
Indonesia;1579.0;16.857;;;;
Indonesia;1.608.143;19.571;;;;
Indonesia;1.786.429;21.143;;;;
Indonesia;1.863.286;23.286;;;;
Indonesia;1.871.143;20.857;;;;
Indonesia;1.844.714;23.857;;;;
Indonesia;1.804.714;25.0;;;;
Indonesia;1.841.429;25.714;;;;
Indonesia;2.019.571;24.857;;;;
Indonesia;1894.0;24.857;;;;
Indonesia;1.671.714;24.0;;;;
Indonesia;1.578.714;24.286;;;;
Indonesia;1.486.714;22.857;;;;
Indonesia;1426.0;21.429;;;;
Indonesia;1.370.571;21.429;;;;
Indonesia;1.087.857;19.571;;;;
Indonesia;981.571;17.143;;;;
Indonesia;953.571;14.429;;;;
Indonesia;817.429;12.0;;;;
Indonesia;735.571;10.286;;;;
Indonesia;679.143;9.286;;;;
Indonesia;631.0;7.571;;;;
Indonesia;681.143;9.0;;;;
Indonesia;647.143;9.857;;;;
Indonesia;640.571;9.714;;;;
Indonesia;651.429;9.714;;;;
Indonesia;627.143;8.857;;;;
Indonesia;599.714;9.286;;;;
Indonesia;575.714;10.143;;;;
Indonesia;511.571;8.714;;;;
Indonesia;460.429;8.0;;;;
Indonesia;424.143;7.429;;;;
Indonesia;364.714;7.429;;;;
Indonesia;329.0;6.714;;;;
Indonesia;321.286;7.143;;;;
Indonesia;317.714;6.143;;;;
Indonesia;292.143;6.0;;;174893201.0;
Indonesia;266.286;5.714;;;;
Indonesia;250.429;6.0;;;;
Indonesia;252.143;6.0;;;;
Indonesia;242.857;5.714;;;;
Indonesia;226.0;4.571;;;;
Indonesia;209.714;4.143;;;;
Indonesia;183.857;3.714;;;;
Indonesia;174.571;3.0;;;;
Indonesia;163.857;3.0;;;;
Indonesia;160.286;2.714;;;;
Indonesia;149.857;2.857;;;;
Indonesia;144.143;3.286;;;;
Indonesia;137.857;2.571;;;;
Indonesia;130.429;2.571;;;;
Indonesia;120.714;3.0;;;;
Indonesia;107.143;3.0;;;;
Indonesia;99.286;3.143;;;;
Indonesia;93.571;3.286;;;;
Indonesia;93.143;3.0;;;;
Indonesia;88.143;3.286;;;;
Indonesia;81.0;3.143;;;;
Indonesia;71.571;2.429;;;;
Indonesia;65.857;2.0;;;;
Indonesia;53.857;1.571;;;;
Indonesia;48.429;1.571;;;;
Indonesia;43.857;1.857;;;;
Indonesia;44.143;1.714;;;;
Indonesia;41.429;1.571;;;;
Indonesia;40.714;2.0;;;;
Indonesia;40.429;1.857;;;;
Indonesia;42.571;1.714;;;;
Indonesia;44.0;1.429;;;;
Indonesia;43.143;0.857;;;;
Indonesia;41.571;1.429;;;;
Indonesia;42.571;1.429;;;;
Indonesia;43.143;1.143;;;;
Indonesia;43.286;1.429;;;;
Indonesia;42.429;1.429;;;;
Indonesia;42.571;1.429;;;;
Indonesia;40.143;1.571;;;;
Indonesia;38.857;1.143;;;;
Indonesia;33.714;1.286;;;;
Indonesia;29.143;1.143;;;;
Indonesia;25.143;1.0;;;;
Indonesia;24.286;1.0;;;;
Indonesia;21.857;1.0;;;;
Indonesia;21.143;1.143;;;;
Indonesia;22.143;1.143;;;;
Indonesia;21.429;1.0;;;;
Indonesia;22.286;1.143;;;;
Indonesia;23.286;1.143;;;;
Indonesia;20.857;1.429;;;;
Indonesia;19.857;1.429;;;;
Indonesia;21.143;1.571;;;;
Indonesia;20.286;1.286;;;;
Indonesia;21.286;1.143;;;;
Indonesia;21.143;1.0;;;;
Indonesia;19.714;0.857;;;;
Indonesia;20.429;0.714;;;;
Indonesia;19.0;0.714;;;;
Indonesia;18.429;0.286;;;;
Indonesia;15.857;0.286;;;;
Indonesia;12.857;0.143;;;;
Indonesia;12.286;0.143;;;;
Indonesia;12.286;0.143;;;;
Indonesia;12.286;0.0;;;;
Indonesia;11.429;0.0;;;;
Indonesia;10.286;0.0;;;;
Indonesia;11.857;0.0;;;;
Indonesia;12.714;0.0;;;;
Indonesia;11.286;0.0;;;;
Indonesia;11.143;0.0;;;;
Indonesia;9.286;0.0;;;;
Indonesia;9.0;0.0;;;;
Indonesia;9.429;0.0;;;;
Indonesia;7.857;0.0;;;;
Indonesia;6.857;0.0;;;;
Indonesia;7.0;0.0;;;;
Indonesia;6.571;0.0;;;;
Indonesia;6.714;0.0;;;;
Indonesia;8.857;0.286;;;;
Indonesia;9.714;0.286;;;;
Indonesia;10.286;0.286;;;;
Indonesia;10.143;0.286;;;;
Indonesia;9.857;0.286;;;;
Indonesia;11.286;0.286;;;;
Indonesia;12.286;0.286;;;;
Indonesia;11.0;0.0;;;;
Indonesia;9.429;0.0;;;;
Indonesia;8.714;0.0;;;;
Indonesia;7.571;0.0;;;;
Indonesia;7.857;0.0;;;;
Indonesia;5.286;0.0;;;;
Indonesia;3.571;0.0;;;;
Indonesia;2.0;0.0;;;;
Indonesia;1.571;0.0;;;;
Indonesia;1.286;0.0;;;;
Indonesia;1.0;0.0;;;;
Indonesia;7.286;0.0;;;;
Indonesia;7.286;0.0;;;;
Indonesia;7.286;0.0;;;;
Indonesia;7.286;0.0;;;;
Indonesia;7.286;0.0;;;;
Indonesia;7.286;0.0;;;;
Indonesia;7.286;0.0;;;;
Indonesia;0.0;0.0;;;;
Indonesia;0.0;0.0;;;;
Indonesia;0.0;0.0;;;;
Indonesia;0.0;0.0;;;;
Indonesia;0.0;0.0;;;;
Indonesia;0.0;0.0;;;;
Indonesia;0.0;0.0;;;;
Indonesia;0.0;0.0;;;;
